1,2,3,4,UPC
N/A,0.0012990937242683342,0.0013729573559648706,0.0029271621123752385,4171623221
N/A,-0.00031202349484271913,0.003178605214643538,-0.014594033326077878,5000035022
N/A,0.0032619872103023745,0.0027990523416416327,0.05067394726550216,23977300000
N/A,-0.004552757577376582,0.004356721911236218,0.011147563753184616,2467651987
N/A,0.0010473524549360369,-0.0025994247826316144,0.00467049967285472,60469500003
N/A,-0.0002309014506559098,-0.0002743478018445241,0.0030556908275472944,60458000122
N/A,-0.0003280269276559417,-0.00036422013193701964,0.001357058202559745,2210000171
N/A,0.006641213220370364,0.0018030606108406246,-0.0015125267998587983,7675018657
N/A,-0.0027256864555352573,0.002790041702363006,-0.0016663544306293732,7800008216
N/A,0.0004309154438460517,0.026339458094646048,0.010204129654685559,4400000293
N/A,-0.0002804634589193315,0.005192350558632953,-0.016776281407694747,4900001463
N/A,0.00045629104403326613,-0.009012412504806071,-0.04255690524570892,1200000017
N/A,0.0003469742135851636,-7.044416427721137e-05,0.001258513097971263,7199010033
N/A,-0.0043814973000682505,0.000385552368712707,0.000875137219400868,8066095615
N/A,0.0007633809287081429,-0.0009153021327152151,0.0004661528699095368,1820053030
N/A,0.03245288552187261,0.011307329907196342,-0.016697939061093712,2781500130
N/A,-0.00814705919280042,-0.006186369795434892,-0.031120276025661753,7007455958
N/A,0.0009921086055193382,-0.00263082002818335,0.0033548805943236946,2820000953
N/A,-0.020745203012613067,-0.0015300668543946135,-0.03765293205479183,23341000000
N/A,0.011920646789933372,-0.006245026489139432,N/A,3700074699
N/A,-0.0022805303729993057,-0.00319212056853733,0.004182251016486082,23220300000
N/A,-0.0009474067623549344,-0.0024084527814547964,-0.0005466714894326892,7199048019
N/A,-0.0027977886576456864,-0.0034764379507746606,-0.07688341687019624,7430500132
N/A,0.01422456028657532,-0.0007086836020031298,-0.2710119820058185,5100003885
N/A,-0.0041276146788448926,0.0006412310542131881,0.005738561774521502,23726900000
N/A,0.015081887024983733,-0.004541413877654844,0.018219043721106234,23989200000
N/A,0.0010211840269623554,0.0016908029585467668,0.004077897330830838,1820061030
N/A,9.119424474610496e-05,0.0008149176524174358,0.001110607700887714,2100002649
N/A,0.05478585351696844,0.06388922812884094,-0.04884819501953692,4583
N/A,-0.0003564405312885809,-0.00021785632194816533,-0.004228378372649354,23214300000
N/A,-0.0036556897901257905,-0.020514300163348157,-0.04274899982964586,7222000054
N/A,-0.03909346011218847,-0.04178560506786844,-0.02490481376249702,23213100000
N/A,-0.21071103341693212,-0.013367351116877285,0.010067674011922587,23224200000
N/A,-0.0035492876778242606,-0.010782981269431344,-0.0017107758223025365,7222000127
N/A,-0.009575489256103596,-0.02576274541301085,-0.3180052616804737,5100001251
N/A,0.006352181850308908,0.0016762149095049812,0.0023465359336042307,94094
N/A,-0.00019185480144360737,0.0015462438000184357,-0.003577519878612892,23988800000
N/A,-0.013089249210877844,-0.021569889215621335,-0.34555177442877977,5100000011
N/A,-0.00263135982232124,-0.014680946999778574,-0.002375164942009861,4550
N/A,0.0031734027545076995,-0.002239174558760302,-0.0062171997887218175,7527895005
N/A,-0.0022330089489746682,0.00272971264742012,-0.006118988020326842,1100000288
N/A,0.010263040216053286,-0.005998830474935814,-0.06625487007863431,7222000516
N/A,-0.029913827632952902,-0.08652789760329173,0.37672198024061265,4800000245
N/A,-0.010157012910197645,0.0039908819579533945,0.046933593007705915,4300004707
N/A,0.0017740654258053732,0.002019018768021912,-0.0022535175947774725,23741700000
N/A,0.010069632291429919,0.006174599282489441,0.01145565664282242,2640022760
N/A,-0.0022925213341591726,0.009500165094193672,0.0012453086879407594,1200080996
N/A,0.005270916798941857,0.0035755895711962527,-0.0030277983941704354,7961832407
N/A,-0.037936753737454115,-0.03317463887380098,0.005003393304801873,82540110159
N/A,0.0023474538086332647,-0.006246888801554049,-0.022001527883880823,7222010016
N/A,0.017615719049559428,0.036346962611603924,-0.03434338551752991,23223500000
N/A,0.0024024883522943646,0.005389959909527651,-0.00034769632791248486,2840007098
N/A,0.003979388254094564,0.002122982563582676,-0.018407893168724872,23220000000
N/A,0.00615459629471787,0.0056455194584416795,-0.006610226169190695,7675016058
N/A,-0.0005842878283793593,-0.0020427479443024628,0.008069691592794862,23213500000
N/A,7.764139007377434e-05,-0.0026463992468881703,0.007940071559383779,6206737451
N/A,0.00017759747998523137,0.0007487247529119233,0.000540219576068077,60458000350
N/A,0.005620960454637902,0.000768602023378418,-0.022580495594396333,7283090632
N/A,0.0001117197864457777,9.167311934846361e-05,0.00012064968791818332,672
N/A,-0.005263314336240317,0.0007777724556971685,0.0004978916866721073,1820053352
N/A,-0.006353955753758024,-0.002598831495216142,-0.007275364156654961,27283700000
N/A,-0.005645419450603979,0.00011847332763291654,0.00903696521815924,23724400000
N/A,0.001363995294448342,-0.0001068343196976827,-0.003479572578777961,60458000392
N/A,-0.014658496484715585,0.0006116312415527604,0.0331406188009021,23213300000
N/A,0.04761434825344318,0.013927300327391576,-0.0036181175697000173,81060602058
N/A,0.011787868683396518,0.003648693057052731,-0.12267111893544048,7010006009
N/A,0.0011904991254339324,0.002214748899752122,-0.000666581843237254,3022304074
N/A,0.015068301256927902,-0.0005507713003050184,-0.020292116915970496,2840064132
N/A,0.004247839427473026,0.01249743399784234,-0.00791429236739028,7794824660
N/A,0.06419444114972525,-0.03512648632528854,N/A,1140
N/A,-0.002269521216775462,0.004493513719660536,-0.0037723613852418156,3022304336
N/A,0.008477016585003976,-0.007251991577586245,0.07602839549397336,4900002890
N/A,-0.0005233631715138807,0.0023868320237452447,0.011030942219147131,23798600000
N/A,N/A,0.06864722738254521,0.003618306826862975,2410518000
N/A,-0.003249931661631571,-0.00027444302214752256,-0.01219275784916359,4799585508
N/A,-0.0037787262501427147,-0.0037174913573975767,-0.012984410956385816,7310000121
N/A,0.003403455926672022,0.0006775442885713747,0.0007881790058798719,23222700000
N/A,0.0004050839036208949,0.00027650232353614284,-2.2479477559315778e-05,23793600000
N/A,0.0004588616313768922,-0.0007951652966536189,-0.0006124168526350076,60458000175
N/A,-0.2543482699281528,0.09146254453647328,N/A,3680021016
N/A,-0.010889520189567509,-0.007174248762890366,0.014191060161946505,1138423201
N/A,-0.0003440985405619671,-0.0006979334270317019,-0.00011640204729303753,23403000000
N/A,-0.005013914010945175,-0.000869803138248986,-0.007739508943876237,2820000465
N/A,0.0023273658623382027,-0.00423391324733809,0.01669187728191315,2840064474
N/A,0.005604445846734337,-0.004617826931058318,-0.0031552183651560877,2840064306
N/A,-0.0016487832120463367,-0.011757639964200732,N/A,3680011287
N/A,-0.0003519879337934257,0.0003111640091947047,-0.0016512177682395403,23335500000
N/A,-0.004618058153392778,0.026697372502767908,-0.0006183618248373988,1200080994
N/A,0.016177578698990225,0.008558131435742494,-0.01419543023821099,2840058929
N/A,-0.02185192201290788,-0.001942372684938326,0.19917443164660714,23224300000
N/A,-0.01988239972391573,-0.0016321846865077999,0.004435842638931496,7199030017
N/A,-0.015725938534628343,0.011571450208515341,0.09283000495894024,1300000466
N/A,0.04504087404087337,0.009605601103935461,-0.008148333025685559,81060602060
N/A,-0.04759616940656129,0.00030639894290679815,-0.06679326485545112,4130
N/A,-0.009474816652601754,-0.0016946823773745904,N/A,3680042184
N/A,-0.006491966586094081,-0.0006385441661913346,0.022566157828465917,23796200000
N/A,0.004245074744468008,0.027794938713964722,0.0022013567447880847,4498
N/A,-0.0014377728118215292,0.000780109633607883,0.005665691004144189,23215400000
N/A,0.02066324345938493,0.03384455457528246,0.1310056253906521,23586900000
N/A,-0.0019181512177625878,-0.0007407555787794149,0.052166817140079175,23586000000
N/A,0.003650669126864115,0.0043231588843740025,-0.005920550038197095,2029
N/A,0.013355036106495091,0.029669204459955533,-0.05852312419252108,23573800000
N/A,-0.0013292973655136251,1.4977629412706671e-05,0.0013031645706139934,8858600448
N/A,0.007520838502326763,-0.00950728673693059,-0.011614848833902996,7222000097
N/A,-0.008150239476182774,0.0034663534758846357,0.008898420875576992,23215800000
N/A,0.0007648190543584523,-0.0034035414154702705,-0.023797341042588255,23339400000
N/A,0.005375402008049835,-0.011656824384984627,-0.024840942061526775,74183900588
N/A,-0.01411671327214524,0.003131598987711715,0.22776120681042977,23343200000
N/A,0.021426419937957693,0.004617120514733852,-0.03065541261982359,23729200000
N/A,-0.0038658196842741,0.0017519541909900595,0.008346779622885185,23212900000
N/A,-0.0022247878956281825,0.019182502828079716,0.0473461119900502,23666900000
N/A,0.001436179032143199,-0.003236963046007224,-0.009252680648026508,1200000088
N/A,0.006289636018085767,-0.0018869013173443906,-0.0042719367905142925,2370016220
N/A,0.005986014461690323,-0.009159047830478379,0.001280649536718956,4689
N/A,0.001314414543296448,0.014043210198528734,-0.049855967507275216,7321010013
N/A,-0.0002295364659105881,0.0004437535984837781,0.0027377095449746887,1820011030
N/A,0.008384722557150386,0.005267076203403664,-0.005065350976918342,2640040960
N/A,0.0050948609005914795,0.002216681897412843,-0.0023771135317538967,82486260001
N/A,-0.00032394786428689807,-0.0011353810036428525,N/A,9000
N/A,-0.009573890787001703,-0.009878428841057179,-0.009563164108618651,23583700000
N/A,0.018878616463194657,0.006253856864959173,-0.018403150454693956,2840015938
N/A,0.021655591886629195,-0.04604084794536345,-0.019951705402958052,75351947095
N/A,0.004210693844263338,0.0010241587498581197,-0.003010382354204461,23218100000
N/A,0.006693972025125602,0.002668854728734217,-0.010781998749913188,2640027561
N/A,-0.008848831042251865,-0.002023082388868417,-0.0014679148661917844,3022302118
N/A,-0.004718948274996818,-0.0007339916999339663,-0.010912537693097408,23217900000
N/A,-0.0034444557185068394,-0.002299509004221517,0.053676905975020145,26061500000
N/A,-0.01453524586485314,0.0013061701614814354,-0.013057302840595702,23337900000
N/A,0.011552946291211645,-0.003200507249586849,0.03142579345787903,2000
N/A,0.012032359836494547,0.006652149152426006,-0.01960924115561221,7342000024
N/A,0.004446863356286019,0.0015756340385920263,-0.01024497773616983,7199030030
N/A,0.009099295264265062,0.010307063847224693,0.015823424251632322,3338353310
N/A,-0.00927338947453228,-0.004000626098073761,0.01768764908607797,23632100000
N/A,0.009543761495523238,0.0010447238333766437,-0.0475866379609695,7110100183
N/A,0.007550199937159304,0.008501524940623393,-0.017200430877244696,23760800000
N/A,0.008713488605037296,0.009954590627523494,-0.0011100450111900708,2640023420
N/A,0.0016525413514869593,-0.0012205242273192812,0.0010526259825355882,23579900000
N/A,0.00030082441461443024,0.00035232168523174857,-0.00198134941365383,1820086031
N/A,0.00926750068868546,0.0027795043893909634,0.03976768021865392,3121
N/A,-7.955828742668728e-05,-0.0035163099687339993,-0.020339223118836063,94070
N/A,0.0037072426023891185,-0.003002792724345514,0.0007177786592005123,81060602065
N/A,-1.0198311904369407e-05,-0.00014966152252069516,-0.0008288437629506833,3410057341
N/A,0.002184323673589933,-0.0032773115775128828,-0.013789152024446135,5000032290
N/A,-0.08194021072788557,-0.001898030129381904,-0.060393911407878934,4088
N/A,0.016581952520914146,0.012448207582242592,0.046794705683018696,1570028804
N/A,-0.0005991881469830012,-0.0016669813105408984,-0.006809258988547767,4776
N/A,0.005173930821109763,-0.0031597989415263514,-0.0038623414266145176,2820000363
N/A,0.00836152911934651,-0.0005059542442923695,-0.032172373081464,23343600000
N/A,-0.001530703494412357,-0.008293250713731243,-0.010483020307375995,23564400000
N/A,0.0023492765393954124,-0.0007585551289024322,-0.003371761927911661,598
N/A,-0.032872116946432245,-0.004018883900244005,-0.16076260044175897,4593
N/A,-0.004985217085493933,0.003133756442718385,-0.02793669328318966,27284300000
N/A,-0.030163779351556477,-0.006936033921833074,0.12429335370511842,8380
N/A,0.005909540529816843,-0.0020040622249957274,0.04366497833377241,4900002891
N/A,-0.0021428662081403494,-0.006946832995449221,0.004675685581634264,60458000174
N/A,-0.008840115852826918,0.0016401161325093785,0.016540748433808455,23214100000
N/A,-0.00491636554278036,0.0007153850904287024,-0.015489314874333738,94060
N/A,-0.013224916635485345,0.005686911322449243,0.0015889988006621122,23573500000
N/A,-0.019528519337013613,0.0023346750823875035,0.04078755469129801,23725100000
N/A,-0.004160716809172458,-0.00636015039855292,0.0483714146815751,3022304032
N/A,-0.012641259793634287,-0.0032613776517577647,0.2145199728187181,4084
N/A,-0.004378005789999277,0.011669843958386017,0.048055420515313564,3022304020
N/A,0.00010677410514402043,-0.0010051583505640434,-0.00266098646339776,1820015030
N/A,-0.001078109657670258,-0.00252182977097306,0.000894958235946287,2640080204
N/A,0.03222585485712411,-0.010160703623388062,0.025455507350128338,23574000000
N/A,-0.03372957361954466,-0.03295023258367525,-0.01898742968261684,2001
N/A,-0.0032028457720830483,0.001413507312216543,-0.041986991018275084,8927
N/A,0.001986494366501279,0.005031328905854413,0.021605667060212518,23212800000
N/A,-0.0132283469884961,-0.012290976531887432,0.0038332498400783046,23805800000
N/A,-0.0001370580668168482,-0.0018880888368685374,-0.0006110543646975489,23215900000
N/A,-0.004171259821224777,-0.0027324492404599064,-0.029561080630599347,3022304202
N/A,-0.06902114803382614,-0.008862487315052785,0.048624904507257455,7121890605
N/A,-0.023105764305344372,-0.01150998313092657,0.020675046878255436,23583500000
N/A,-0.012077397084113178,-0.0014000849405851788,-0.008399888881172301,7222000225
N/A,0.004394439961655846,0.0005171333570924918,0.010153482880755606,639
N/A,0.012725567713017734,0.01947116583645485,-0.03364210353238675,23807700000
N/A,-0.0025272761805162276,0.0021108642221721323,0.0030581955733502445,82486200630
N/A,0.0034493012062010732,-0.0010267716247893879,0.007862373862678579,23214700000
N/A,0.00037408898854990677,-0.0006947509429320634,0.005932377471205656,23580300000
N/A,0.005711796573199033,-0.004728172500932354,-0.0011389679838877727,3338366001
N/A,-0.0031065220591692463,-0.005480624421792833,-0.021262019413346305,23650900000
N/A,0.007647254444163332,0.007777589245617908,-0.009066601847350508,71514150349
N/A,0.0018204937144730405,0.005112370372960474,-0.0017563308293376098,23587900000
N/A,-0.000888125342153809,0.0029338930776047142,0.015941181385245216,84363501230
N/A,0.0114999124904735,-0.006650215654657292,0.0022220262027680894,2840058986
N/A,0.0010506334856103543,0.0009535704134251359,-0.0063805187323729565,9396651500
N/A,0.0012692708437890808,-0.0003625423960761952,-0.0049072372678481005,3410057653
N/A,0.11114020555770748,0.06573181849569687,0.21590269256606123,4300000953
N/A,0.004649457279161022,0.0019885212339364996,0.7928767819137952,5380002821
N/A,0.04467981316741813,0.04617244530566882,0.0073252048903939765,2100061223
N/A,-0.00160049359789032,-0.005844522349708477,0.000158489355928859,23583600000
N/A,0.016467711941708173,0.0006615073955998308,0.017869296478922148,4091
N/A,0.003154894460545458,-0.0008459160786909117,0.03565525383707202,23590100000
N/A,-0.006304515564212998,-0.003120239735660482,0.025852489756233072,23579100000
N/A,-0.02546035710134025,-0.009810475603223082,0.044906381461390914,7222000197
N/A,0.0202108607424674,0.009005265184905915,-0.022796721994582953,8737
N/A,0.0016139216755448247,0.002697668386129155,-0.007629002014028757,2640028961
N/A,0.006551973633116875,0.020569186928407937,0.007128967289395097,4017
N/A,0.0011946540839452577,-0.00015549681231534742,0.0,23220100000
N/A,-0.0046600830837250475,0.0019219768173580937,0.03879783318285992,23210400000
N/A,0.020313436121916807,0.009253136388098979,-0.007122022362664074,23761100000
N/A,0.0207548303230672,-0.014755269707087394,-0.06711577192860617,23765300000
N/A,0.00694506233247013,-0.01638974357128799,-0.053335183436558915,7373100419
N/A,0.020500639448310067,-0.015674238959073692,-0.11562955760816723,3338353650
N/A,-0.025472704969618426,-0.01524388431168045,-0.011453053738260364,23573900000
N/A,-0.04908456507982308,-0.0011754443057370432,0.0365233696784499,7222010121
N/A,0.005433348181490901,0.0005607918706438329,-0.002364747551913326,23734800000
N/A,0.038904112744545166,0.004650621380470609,-0.005795541357038686,4079
N/A,-0.028836929419888732,-0.3142872360917352,-0.023258337793503038,3632
N/A,-0.0005247820276013622,-0.0025921002043847296,0.006385002604542274,3022300028
N/A,-0.021318600319783575,-0.015227109731930531,0.18837049349458362,4432
N/A,-0.056125051782734706,-0.013328449108491413,-0.06976690831267722,4688
N/A,0.041145234766866025,0.010400806601477314,-0.06355025824696556,3338367600
N/A,0.007610660447203312,-0.015142591386630917,-0.057046798032439255,4132124105
N/A,-0.001055949042723942,0.0016101435925484169,0.007833877352593931,4075
N/A,-0.03438071162638346,-0.0022758368387976557,-0.01792138342940482,75166677005
N/A,-0.00950629346163831,-0.005690473296555634,0.021209806236544202,2033
N/A,0.0007740757077341378,-0.009050643166274139,-0.008163761372317523,5000032275
N/A,0.01669621249933302,-0.018762435732631137,-0.004028057503993335,23211000000
N/A,-0.03398367143861254,-0.01911484269362714,0.06366067087992221,4082
N/A,-0.00030287143338320185,-0.00015944865101795403,0.005881850203039251,23580200000
N/A,-0.0019773861704534814,-0.003235506802180451,-0.006441880085224428,23580000000
N/A,-0.0028132649263792222,0.006405338587491846,-0.012035116165286866,3022310175
N/A,-0.009480049206831357,0.002937382325252696,0.04152024446142094,23583400000
N/A,0.024285780691953873,-0.005074487866589747,0.013240483809021283,4400003111
N/A,0.011872783858052833,-0.0008105603481676663,-0.0129904854503785,23571600000
N/A,-0.002150445789880796,0.004488419975777384,-0.009170775748315855,7110100268
N/A,-0.03307071399429454,-0.019632097025420705,0.09064171122994652,23211400000
N/A,0.0028211513232222524,-0.004706202412327396,-0.02206055976109451,7222000068
N/A,0.0376254177821422,-0.005779802095159202,-0.06142787693589834,3338366604
N/A,-0.030242498086740545,-0.0006725803232038575,-0.01390806967990818,23333000000
N/A,0.009335870583264714,-0.021182119561484553,-0.026001970386539466,4222230200
N/A,-0.0024681465519571645,0.0008040839101577537,-0.007924161400097232,3022304780
N/A,-0.018568566892001592,-0.008294003604780211,-0.037024133953482974,7283090612
N/A,-0.011364897830126744,0.0031828800374962465,-0.0010564461708248275,23718700000
N/A,0.026449513207513466,-0.019150057428219805,-0.030783387735259404,4072
N/A,-0.001387018674989401,0.016894569921617572,0.04150068797874321,23589200000
N/A,6.492567865166197e-05,-0.0011145908145668776,5.866819805706664e-05,23580400000
N/A,0.00256845943894354,0.003408536828520518,0.007007431071602197,9396651300
N/A,0.010030065128171818,-0.004629275440044259,0.026227515799708306,4066
N/A,0.01830673070928642,-0.000745634175505917,-0.011834511249265912,3338367500
N/A,-0.0017119346986920465,-0.001281661939007408,-0.026204363780337383,20316000000
N/A,0.003178646038686974,-0.0036766453668660133,-0.10626222275909081,3338366003
N/A,-0.1349830739927385,-0.15081453954794247,-0.05360094451003548,4062
N/A,0.007807750353098136,-6.964285714285714,1.1754534729390946,3080225630
N/A,-0.0003693120943592998,0.0034677555044628156,-0.014876846657466749,3022302115
N/A,-9.09282679128406e-05,0.014085628756408012,0.0664039169386763,23588500000
N/A,0.006995995679546067,-0.004844301491912087,-0.03825960136120563,4190007638
N/A,-0.003124271708408123,0.0017554545526958152,0.0067649444091951874,23215700000
N/A,0.0015482882427775516,0.0013501899434251296,0.008078681884208787,7199000048
N/A,0.021996301437193742,-0.0038592753868439867,0.017971571043732454,7342000011
N/A,-0.0038757017199818,0.003725653970351321,-0.005373516105701422,3338351010
N/A,0.0474365328988097,0.003826542224444786,-0.11248498967162221,23223200000
N/A,0.18391039562305866,-0.4027694393402934,-0.9952045280922286,4770
N/A,0.019808647782349555,-0.005162866507816864,-0.06511563303007153,2840064203
N/A,-0.018693538068359817,-0.004021480529823793,0.02821635450382289,23222400000
N/A,0.021805895898580157,-0.02776716529065672,0.003739843044655879,7110100001
N/A,-0.0919387725801374,0.039712102592179256,-0.10730860678422653,4800121348
N/A,-9.162525391976174e-05,-0.030551938631807267,-0.00783040488922842,3338366602
N/A,-0.0073362271460867155,-0.0028071482914627352,-0.013247447739426349,4103
N/A,0.0022414239713712003,-0.010542893273368341,-0.008833087370887581,9396600014
N/A,-0.001777639947293783,-0.002157931389312009,0.010031946662962702,23560100000
N/A,0.002104677421268835,0.01278056839686082,0.017834571845267034,23686000000
N/A,-0.0005068834199477655,-0.00010604120915623236,0.12963052989790957,4131
N/A,-0.026580879073370565,-0.012542952288461763,-0.008174178762414056,4190007661
N/A,-0.1260838097766168,0.11127596516206252,0.18622821029238143,660
N/A,-0.018922109526527137,0.000985653656441261,-0.00869175479240638,7794800902
N/A,0.012985380659051948,0.0011670726379846552,-0.018138317067185213,23219800000
N/A,0.13666917682549554,-0.043578993003615056,-0.14321480658379054,4166
N/A,-0.0038090745519830365,0.027745148765654915,-0.12449128411695254,3022301126
N/A,0.032805700100199106,0.006664131266584274,0.020323125145940837,7790011553
N/A,0.07606537876935973,0.11881821064778088,0.14202027918605456,7224013381
N/A,-0.0019040091915466018,-0.07957668642464881,0.09561080630599347,4061
N/A,-0.010599319782672721,0.006878309972577269,0.03330786860198626,23735100000
N/A,0.028756959516131754,-0.005158447586053992,-0.1429231196610876,4093
N/A,-0.15115683105869024,-0.05366959742164964,0.23061797327928385,4050
N/A,-0.035811530405514304,-0.012237598509230152,0.08911035488575601,4073
N/A,-0.09026459728278768,0.03532723536704942,-0.050670185429543706,4048
N/A,0.06295219045686094,-0.061146727414042305,-0.006708799222168212,3082
N/A,-0.004320404251218898,-0.001783946316850572,0.043930134037085906,23579700000
N/A,-0.22082351587665675,-0.1717614934783646,0.1344346952514224,4080
N/A,-0.029968402949986202,0.010402527153208435,0.05754566289325647,23660600000
N/A,-0.008399097358521075,-0.002527966034621429,-0.1222304186470093,4175500106
N/A,-0.005777849130063983,-0.0039734496314108225,0.025234391277172027,23579300000
N/A,-0.0235038940595849,-0.02198867574045187,-0.03653032102423474,7222000457
N/A,0.042434459582372006,-0.01818192394273892,0.4221406337297471,4800121351
N/A,0.000718037346292163,0.020769093581405856,-0.00019593179272514648,23681200000
N/A,0.0001639755690415175,0.03195272604879518,-0.09852249797039253,4400000057
N/A,-0.11049019591491406,0.004149545166695691,-0.7850956291999309,2100065883
N/A,-0.002075956886546282,-0.018153824224255818,-0.04236405305924022,4608
N/A,0.013402823257669342,0.017719370276891182,0.0059901405220033396,26080500000
N/A,-0.004879725651424973,-0.015901888269999068,N/A,23224600000
N/A,-0.0027340043251218105,-0.0009867810853986451,0.005841336122856764,23580500000
N/A,0.0051846987699363705,-0.005125153508273929,-0.003864851725814291,7146418095
N/A,-0.06416156054261107,0.08012372816968615,-0.0768977012292521,2640000010
N/A,-0.004686748553190945,0.0013442328288779772,0.02049500429409615,7283000201
N/A,-0.004176216324502784,-0.009122513553489553,0.010004091210442396,23402900000
N/A,0.009641845816444124,-0.0010100066942785734,-0.038078552116255604,5000088610
N/A,-0.07432300446629196,-0.05862072197748416,0.04496492812000831,4069
N/A,-0.3596971768452923,-0.019285100989032234,0.7733175914994096,23745500000
N/A,0.01791846822307217,-0.007874562306072655,-0.13001944579484687,2018
N/A,-0.012409385514356068,-0.06306680435350931,-0.16256337245642058,4886731216
N/A,-0.08203370939150977,-0.14975802645761768,-0.15946246267101882,4087
N/A,-0.0019806332212207647,0.006631512852433444,-0.0279717997491564,3022304201
N/A,0.060875763832230465,0.013880095605025684,-0.044437113688450595,4816
N/A,0.0020710373136222935,-0.0009840231774840135,-0.00048061274129766296,2640022730
N/A,-0.012951739009463214,0.018123148654195093,0.050628515869157585,4076
N/A,-0.00031730185476310554,0.00584331978938965,0.022291546828213785,7373107200
N/A,0.010093281614144873,-0.02089941220516858,0.03763455795541358,4648
N/A,-0.00880957611217724,-0.005294442157858146,-0.0122057087297729,4663
N/A,0.019738682514426863,0.0057352330196919115,-0.07281061184804499,4691
N/A,0.006213235339151537,-0.021479173528816748,-0.07533162025140631,4889
N/A,-0.13862112894318163,-0.06466003025256581,0.22739955510093557,3151
N/A,0.011147349121324637,-0.043772022091519786,0.13405792068893674,3338353610
N/A,0.06993379397817502,-0.04946738875364463,-0.030734773248142225,4070
N/A,-0.02413410906462533,-0.025932184116711787,0.025574692686992154,4067
N/A,-0.014803043310832412,-0.005740663073830939,0.04359677755399681,4645
N/A,0.01923777543771538,-0.004428983896405172,-0.020032641155635803,4562
N/A,-0.022319026098128903,0.0006253859711190499,-0.01629627057434544,7373100415
N/A,0.002403556937695888,-0.022713315249731813,-0.01651156330300715,7222010116
N/A,-0.0002486106131286898,-0.043535153405000755,-0.07749149246475451,4640
N/A,-0.0007711710317071507,-0.0006901086088203104,-0.0036752277768611697,1820096751
N/A,-0.005677805977397443,-0.007358261718060924,-0.005007292173067575,2820000357
N/A,-0.02117519700219418,-0.010980534144068386,0.05933745398986039,7084781116
N/A,-0.03696055975005143,0.016586414358973307,-0.023073843356740537,4135
N/A,0.02110324809280378,-0.01877020778797656,0.07833530106257379,4089
N/A,0.05985234449825102,-0.017293940854822772,-0.3042850197930412,4068
N/A,0.055221298925917726,0.008256754380623236,-0.035335787207444964,3618
N/A,-0.0732342438385115,0.016130709574169285,0.3908188068615876,4053
N/A,-0.025209396044210415,-0.03661008837527975,0.05027303580909917,4022
N/A,-0.014239400943728924,-0.001086889949031388,-0.10233416699923575,2840064549
N/A,0.002774571407980917,0.0011398924079091797,-0.012014723244669774,7110100137
N/A,0.02208867442691005,0.008769408066387306,-0.0075738275600009805,2550020421
N/A,-0.06590029992901383,0.015606866485189354,-0.25517744287797767,23211700000
N/A,0.00575679541541838,-0.0034286315970445047,-0.01665046183762761,7373107121
N/A,0.07715943544100191,-0.18190370374236772,-0.20127092159177723,4065
N/A,-0.0031930231791575483,-0.0005240717265236169,-0.0008828531160185999,1138423202
N/A,-0.032428166972578554,-0.012069329685094846,0.03608460333285854,7222000181
N/A,0.014508556223402188,0.0015227499795632704,-0.0009238216691335461,2840058932
N/A,-0.011827026621260653,-0.004528247442986911,0.009983389557682758,7778202393
N/A,0.00675198335197236,-0.0074293279273641875,-0.009618723522466842,7222010115
N/A,-0.06441056785758487,0.015051951571568934,0.11752745828931367,4046
N/A,-0.0024919921643387012,-0.004520242793696278,0.010717139944824589,2410559005
N/A,-0.015607102953515363,0.00030042194147060047,-0.08910940641865775,2840064524
N/A,-0.00625349286292703,-0.01305164326069983,-0.02955760816723383,94627
N/A,0.005089056493284871,-0.006876099145300736,-0.04382943259948606,94011
N/A,-0.07921242999322674,0.005808596380038305,-0.11454831916108192,4959
N/A,-0.0023173470262395405,-0.006910134151674563,-0.027865786173877274,7576
N/A,-0.0006894812828384682,0.0010170341507547967,0.011448857099809731,2820000384
N/A,-0.00354897237907363,0.007705216762596257,-0.02959233280088896,61126981899
N/A,-0.00425016923358287,-0.0034049242795676595,0.006783094034125516,23215200000
N/A,-0.5345474675553187,0.06707798118741783,6.6,23211600000
N/A,-0.03687943878594877,-0.039212698126190645,-0.02952714417276607,7961860140
N/A,-0.01255462243343427,0.020556210182997355,-0.27893051660818,4286
N/A,-0.10003208297258417,-0.30045771776436864,0.34799638863809984,4011
N/A,0.030423433769345632,-0.05966214330140238,0.089749926252697,4023
N/A,-0.020502223276041176,-0.014428091531098426,0.01989392013786992,7222000180
N/A,-0.0041847735975345185,0.002547837554340248,-0.006515626799784707,7310000107
N/A,-0.12532170199759407,-0.05326089332457635,0.018803389124244743,4664
N/A,0.012967098569748406,0.0013469829322590582,-0.31326008791163895,5100000524
N/A,0.0605942332599651,-0.047391829003352134,0.16966108757552606,3283
N/A,0.006810898874095333,-0.1404496619550244,-0.1862177929022849,4012
N/A,0.01616985486586916,-0.016992000330558303,-0.08724216959511077,7222000014
N/A,-0.0116921546283023,-0.003329504844150916,0.02355334833536049,23988200000
N/A,-0.0015876099725358845,0.0009466194387720022,0.0014497869520393647,4799585509
N/A,0.07518159197312636,0.03031812123004526,-0.2723128258799766,8660000020
N/A,0.011667219057240094,-0.0039393777442737685,0.0512547771003774,5848
N/A,0.0038722534099123332,0.03545377602753803,0.03475931500837286,233
N/A,-0.010123499842105376,-0.01248904036260926,0.030498388065342736,23221700000
N/A,0.21790187410374964,0.4494984459693556,6.056212212338958,4078
N/A,-0.0011700213717635564,0.0009397913731907561,-0.0002767368273270192,6206737470
N/A,0.00805296786512004,-0.004744471947366699,0.002805043867515568,1411391002
N/A,0.0017187104886635942,-0.00410949935025571,0.010183454718709935,27344200000
N/A,0.004829135328720214,0.015764905465149758,-0.03415079974436399,9250472887
N/A,0.0020238831330743508,-0.0002761852056138901,-0.00034161856520202767,1820053047
N/A,-0.02787110124962011,-0.0742368418422102,-0.08782009124700807,23214900000
N/A,0.024198235667875705,-0.014069376634499168,-0.02616647919658147,74183900590
N/A,-0.004788318187038057,-0.006692246036717178,-0.0023520079841487323,27344500000
N/A,-0.020479587376463673,-0.014081433004534002,-0.03735797333479295,23222200000
N/A,0.002988847975062478,0.03458429845518482,0.06397666504618375,4799
N/A,0.0011153812315201036,-0.0008050393527638525,-0.005647326486906698,2840006740
N/A,-0.006157863278566156,0.0009549407427371836,0.00664502638589329,23807800000
N/A,0.0005912205631330783,-0.01643770126618801,-0.06761262148882208,23811300000
N/A,-0.033116012675034695,0.015214381227730951,0.10767372039655689,23336100000
N/A,-0.01998214560882457,0.0031435743332578134,0.02523123093574732,23803000000
N/A,0.002103498207708602,-0.012656580403653205,N/A,23210100000
N/A,-0.0008167607857136805,-0.0007712112509947163,-0.002703081876168615,23216600000
N/A,-0.007047903193095508,-0.010127369034842003,0.032489737989930684,23580100000
N/A,0.04311217814293766,0.06837751901770517,-0.09045641020989975,1570024525
N/A,-0.0006915674655199541,0.00025529487513601486,0.015061256603349442,88590991984
N/A,-0.33866221907713356,-0.19567877655970128,2.17410280814082,3338320027
N/A,0.006406282268547047,0.008038467607767462,0.001969992638652262,7675018661
N/A,7.020297336073242e-05,-0.0008761132845510914,-0.001855541663537281,2820013570
N/A,0.00760545045448635,0.002713619885160922,0.008521097449857703,7675016059
N/A,-0.024368528783762018,0.026132199865806793,2.065934065934066,23214200000
N/A,-0.057352764335994545,0.00704540362385231,0.0239354189403752,26085900000
N/A,0.03754184191716774,0.007856479417022152,-0.009363327247449791,23811500000
N/A,0.009960064993374804,0.004532642139220915,0.014369251259000291,7675018662
N/A,0.20672208117376767,-0.028625650852978166,0.0,4032
N/A,0.1,-1.354528680630183,-1.25,2107
N/A,-0.14851119588340334,-0.02155288428525532,-0.18391207722758524,29066800000
N/A,-0.0671129058235807,-0.0003809420425328324,N/A,23340500000
N/A,-0.01253456120659664,0.006706663982389447,0.02171640924399026,23336900000
N/A,0.014226135493450214,0.005272640760535072,0.2507693556701451,4635
N/A,-0.0033803963982463664,-0.0002172027993563371,0.17172725088029092,23343100000
N/A,0.0011068749474678616,0.002737682345574718,0.0004906686887874381,63598554890
N/A,0.010792719652235688,0.003053461274190216,-0.014250989652059164,23346700000
N/A,0.003591228798655,-0.0019022877135130326,-0.026047745358090187,23401200000
N/A,0.009986420889091109,0.0011098007049491927,-0.013889853462045975,23358100000
N/A,0.004945914002402464,0.0032216235584684475,0.034984928317003644,29070700000
N/A,-0.02247183733398572,-0.006908584093306218,-0.046450060168471724,23207700000
N/A,-0.07193058994569443,-0.0940819718369262,0.5352888744834292,4161
N/A,-0.08041373558577271,-0.01991174504558781,0.23307564098017663,23211900000
N/A,0.09718593354764288,-0.11726870759254308,0.442829655553788,23212000000
N/A,0.0031184753870714546,N/A,N/A,1100028808
N/A,-0.009027410956376563,0.0010248969873847885,0.00910098197273927,3760069820
N/A,-0.010889819185891155,0.006854702563990529,-0.006663657198416558,3760069822
N/A,-0.05901012402375887,-0.02249508974191086,-0.010781837094835616,23339800000
N/A,0.09179194407283442,-1.0524362534713458,0.02089025623372988,29067000000
N/A,-0.04532282862011349,0.002125322668168782,0.10733939117618994,23336200000
N/A,-0.15562964267297977,-0.10340670501269124,-0.4632425004925274,23337300000
N/A,-0.029391280238266825,-0.006964299050615499,0.006806562849344079,29071900000
N/A,-0.3814432989690722,3.5,N/A,29067200000
N/A,0.11778294246073662,-0.05865474738427401,-3.1088055333865388,23228800000
N/A,0.0007342976123007171,-0.0030243589316034493,-0.022405016283861722,2100006634
N/A,N/A,6.2,0.9583871982111039,23213000000
N/A,-0.006674077117931759,-0.0008363233698491883,0.0035351416895779263,7199030078
N/A,0.00969068293936227,-0.002151805089551743,0.027495413900570302,1122513457
N/A,-0.5990294061118585,-0.03928549118403709,0.11166382297435361,4886731224
N/A,-2.783333333333333,0.013310252666947301,-2.683333333333333,23336700000
N/A,0.049382716049382706,-0.0017223537469411721,-0.02259969731142482,23361100000
N/A,N/A,N/A,-11.25,23214500000
N/A,0.025879917184265015,0.00918385426800154,-0.0012465872284180975,7675016057
N/A,0.06852148813341884,-0.00995765318074715,-0.07263004375303839,81060602056
N/A,0.04895536335580845,0.011565698535536434,-0.012610694444257302,81060602057
N/A,-0.8285714285714286,N/A,N/A,7110150040
N/A,-0.7370273531777956,-4.582417582417582,-0.7428267919293425,23223900000
N/A,1.308486669170109,-0.1326802542428991,-0.8035612975776795,29071800000
N/A,-0.04490988796882612,-0.028158768278842845,3.0915981293339785,23362300000
N/A,0.19386210626584222,-0.0062338161595628,0.013751349489441098,1122513472
N/A,N/A,0.0,N/A,23587300000
N/A,3.732119058196357,0.07463272128862466,0.17073814968265824,7224013377
N/A,0.0069718734934763335,-0.004474493645174392,N/A,7222010151
N/A,-0.004382636587098843,0.013568826992553807,N/A,89951700237
N/A,-0.008345335114341641,0.013826254784957675,N/A,3022301127
N/A,0.0028236527007749514,-0.10687654140946937,N/A,2840004389
N/A,0.0008836637541443617,-0.258849148662787,N/A,3680028126
N/A,0.02054542827422117,0.001125902895111147,N/A,1200017186
N/A,-0.02602878583028035,0.02907493575942774,N/A,2791804061
N/A,-0.023951087864808054,0.004822681345517814,N/A,2791820524
N/A,0.03095572454075979,-0.04388874529233525,N/A,85571200801
N/A,-0.010402126259729338,0.08989110760742243,N/A,81133402015
N/A,0.06597707636340773,-0.06228904785054519,N/A,3680045075
N/A,-0.0627917571063167,0.008687553078017734,N/A,3680015167
N/A,0.0013293490538827497,-0.008311723103086878,N/A,66370127040
N/A,0.005608610066859275,-0.007581376417515571,N/A,3680004255
N/A,-0.011669979436208153,0.012121537646409783,N/A,2410595900
N/A,-0.019471255037597713,-0.003035788220559614,N/A,7143934030
N/A,0.4304836653254518,-0.01342086743819537,N/A,3680080816
N/A,-0.008552498687027838,-0.009732945695936112,N/A,3680044489
N/A,-3.138547510423262,0.35614626015695533,N/A,3680044476
N/A,0.1889352871986892,0.028842280713938462,N/A,2606500535
N/A,0.40772052138051235,-0.17371692478644352,N/A,2606500534
N/A,0.08625734907082765,0.008642961316758112,N/A,2606500537
N/A,0.017040134422738995,0.02566497673449545,N/A,2606500533
N/A,0.00228016413026541,-0.022518924925342045,N/A,2606500538
N/A,0.2519035994390485,-0.1290645183693312,N/A,2606500532
N/A,0.16807685610450687,-0.035863601639002714,N/A,2606500536
N/A,0.01585966598582242,0.006488240064882399,N/A,63598526087
N/A,0.9441178504737535,-0.231134854853282,N/A,7110100363
N/A,0.052303109818800736,-0.07534473403122315,N/A,20081700000
N/A,0.03479946686053555,0.019998610311488755,N/A,5779
N/A,-2.4362074327476293,-0.5075170353611956,N/A,7110100362
N/A,N/A,0.735918068763716,N/A,87380220305
N/A,4.500552486187845,0.042855633745591655,N/A,7110100007
N/A,1.2023047375160048,-0.07199391379698565,N/A,7110100003
N/A,0.35714285714285715,-0.37308533916849024,N/A,23811200000
N/A,0.06440050096894939,N/A,N/A,3680016164
N/A,0.004253810705423613,N/A,N/A,3680097550
N/A,-0.0012116474496775484,N/A,N/A,3680012615
N/A,-0.12704580335542023,N/A,N/A,3680042614
